{"texture": "skx", "system_sizes": [101], "q": 0.16831683168316833, "t": -1, "m": 5, "shift": 0.0, "mag": 0.0, "tau1": true, "tau2": true, "u1": true, "u2": true, "u3": false, "ids": 1.0283795706303303, "delta": 1e-08}