{"texture": "sin", "system_sizes": 57, "q": 0.17543859649122806, "flux": 0.0, "t": -1, "m": 5, "shift": 0.0, "n_mag": 1000, "min_mag": -1.0, "max_mag": 1.0, "phi": [4.188790204786391, 4.188790204786391], "save_spec": true, "tau1tau2": true, "u1u2": true, "tau1tau2u1u2": true, "morb": true, "ids": 1.0617112957833181, "delta": 1e-05, "eta": 0}