{"texture": "sin", "system_sizes": 401, "q": 0.1745635910224439, "t": -1, "m": 5, "n_energies": 2048, "n_moments": 2048, "n_random_states": 10, "shift": 0.0, "n_mag": 500, "min_mag": -1.0, "max_mag": 1.0, "phi": [4.188790204786391, 4.188790204786391], "eta": 0.1}