{"texture": "skx", "system_sizes": [41], "q": 0.17073170731707318, "t": -1, "m": 5, "shift": 0.0, "mag": 0.0, "tau1": true, "tau2": true, "u1": true, "u2": true, "u3": false, "ids": 1.0294467578822128, "delta": 1e-08}