{"texture": "skx", "system_sizes": [29], "q": 0.1724137931034483, "t": -1, "m": 5, "shift": 0.0, "mag": 0.0, "tau1": true, "tau2": true, "u1": true, "u2": true, "u3": false, "ids": 1.030321046373365, "delta": 1e-08}