{"texture": "skx", "system_sizes": [107], "q": 0.16822429906542055, "t": -1, "m": 5, "shift": 0.0, "mag": 0.0, "tau1": true, "tau2": true, "u1": true, "u2": true, "u3": false, "ids": 1.0283430867324657, "delta": 1e-05}