{"texture": "skx", "system_sizes": [83], "q": 0.1686746987951807, "t": -1, "m": 5, "shift": 0.0, "mag": 0.0, "tau1": true, "tau2": true, "u1": true, "u2": true, "u3": false, "ids": 1.0285237334881696, "delta": 1e-05}