{"texture": "skx", "system_sizes": [23], "q": 0.17391304347826086, "t": -1, "m": 5, "shift": 0.0, "mag": 0.0, "tau1": true, "tau2": true, "u1": true, "u2": true, "u3": false, "ids": 1.0311909262759924, "delta": 1e-05}