{"texture": "skx", "system_sizes": [59], "q": 0.1694915254237288, "t": -1, "m": 5, "shift": 0.0, "mag": 0.0, "tau1": true, "tau2": true, "u1": true, "u2": true, "u3": false, "ids": 1.0288710140764148, "delta": 0.1}