{"texture": "skx", "system_sizes": 57, "q": 0.17543859649122806, "flux": 0.0, "t": -1, "m": 5, "n_shift": 500, "min_shift": 0.0, "max_shift": 3.141592653589793, "mag": 0.7, "phi": [4.296344874876658, 4.296344874876658], "save_spec": false, "tau1tau2": false, "u1u2": false, "tau1tau2u1u2": false, "morb": true, "ids": 1.030932594644506, "delta": 1e-08, "eta": 0}