{"texture": "skx", "system_sizes": 59, "q": [0.0, 0.01694915254237288, 0.03389830508474576, 0.05084745762711865, 0.06779661016949153, 0.0847457627118644, 0.1016949152542373, 0.11864406779661017, 0.13559322033898305, 0.15254237288135594, 0.1694915254237288, 0.1864406779661017, 0.2033898305084746, 0.22033898305084745, 0.23728813559322035, 0.2542372881355932, 0.2711864406779661, 0.288135593220339, 0.3050847457627119, 0.3220338983050847, 0.3389830508474576, 0.3559322033898305, 0.3728813559322034, 0.3898305084745763, 0.4067796610169492, 0.423728813559322, 0.4406779661016949, 0.4576271186440678, 0.4745762711864407], "flux": [0.0, 0.03389830508474576, 0.06779661016949153, 0.1016949152542373, 0.13559322033898305, 0.1694915254237288, 0.2033898305084746, 0.23728813559322035, 0.2711864406779661, 0.3050847457627119, 0.3389830508474576, 0.3728813559322034, 0.4067796610169492, 0.4406779661016949, 0.4745762711864407], "t": -1, "m": 5, "kbT": 0, "shift": 0.0, "mag": 0.0, "gap_pos": "middle", "block": 1, "tau1tau2": 1, "tau1tau2u1u2": -1, "delta": 1e-05, "eta": 0.0}