{"texture": "sin", "system_sizes": 57, "q": 0.17543859649122806, "flux": 0.0, "t": -1, "m": 5, "n_shift": 100, "min_shift": 0.0, "max_shift": 3.141592653589793, "n_mag": 100, "min_mag": 0.0, "max_mag": 1.1547005383792517, "phi": [0.0, 0.0], "save_spec": false, "tau1tau2": true, "u1u2": true, "tau1tau2u1u2": true, "morb": true, "ids": 1.030932594644506, "delta": 1e-05, "eta": 0.0}