{"texture": "skx", "system_sizes": [53], "q": 0.16981132075471697, "t": -1, "m": 5, "shift": 0.0, "mag": 0.0, "tau1": true, "tau2": true, "u1": true, "u2": true, "u3": false, "ids": 1.0290138839444642, "delta": 1e-08}