{"texture": "skx", "system_sizes": [89], "q": 0.16853932584269662, "t": -1, "m": 5, "shift": 0.0, "mag": 0.0, "tau1": true, "tau2": true, "u1": true, "u2": true, "u3": false, "ids": 1.0284686276985229, "delta": 1e-08}