{"texture": "sin", "system_sizes": 401, "q": 0.1745635910224439, "t": -1, "m": 5, "n_energies": 2048, "n_moments": 2048, "n_random_states": 10, "n_shift": 500, "min_shift": 0, "max_shift": 3.141592653589793, "mag": 0.25, "phi": [4.459708725242611, 4.459708725242611], "eta": 0.1}