{"texture": "skx", "system_sizes": [47], "q": 0.1702127659574468, "t": -1, "m": 5, "shift": 0.0, "mag": 0.0, "tau1": true, "tau2": true, "u1": true, "u2": true, "u3": false, "ids": 1.0291987324581258, "delta": 1e-07}