{"texture": "skx", "system_sizes": [17], "q": 0.17647058823529413, "t": -1, "m": 5, "shift": 0.0, "mag": 0.0, "tau1": true, "tau2": true, "u1": true, "u2": true, "u3": false, "ids": 1.032871972318339, "delta": 1e-08}