{"texture": "skx", "system_sizes": [71], "q": 0.16901408450704225, "t": -1, "m": 5, "shift": 0.0, "mag": 0.0, "tau1": true, "tau2": true, "u1": true, "u2": true, "u3": false, "ids": 1.0286649474310652, "delta": 1e-08}